Zone & Location,Streetlight Code,Landmark,Type of Streetlight,Remarks,Condition on 17-June-19,Condition on 2-July-19
Z4 7th Cross from Cgm Road,Z4-7C-01,Near Cgm Rd Corner,LED,,ok,dead
Z4 7th Cross from Cgm Road,,NEW SL REQD,,Pole Present,,
Z4 7th Cross from Cgm Road,Z4-7C-02,Emb. Woods Out Gate,Sodium,check4pruning,ok,ok
Z4 7th Cross from Cgm Road,Z4-7C-03,Donata,Sodium,,ok,ok
Z4 7th Cross from Cgm Road,Z4-7C-04,Rajhans,Sodium,,ok,ok
Z4 7th Cross from Cgm Road,,,,,,
Z4 7th Cross from Cgm Road,Z4-7C-05,Mandoth Tower,Sodium,,ok,ok
Z4 7th Cross from Cgm Road,Z4-7C-06,14th Main Corner,Sodium,,ok,ok
Z4 7th Cross from Cgm Road,,NEW SL REQD,,Pole Absent,,
Z4 7th Cross from Cgm Road,Z4-7C-07,11th Main Corner,Sodium,,ok,ok
Z4 8th Main from 7th Cross,Z4-8M-01,7th Cross Corner,LED,,ok,ok
Z4 8th Main from 7th Cross,Z4-8M-02,Thatte Idli,LED,,ok,ok
Z4 8th Main from 7th Cross,Z4-8M-03,Kishore Singh Resi.,LED,,ok,ok
Z4 8th Main from 7th Cross,Z4-8M-04,Murthy Medicals,LED,,ok,ok
Z4 8th Main from 7th Cross,Z4-8M-05,Suraj Xerox shop,LED,,ok,ok
Z4 8th Main from 7th Cross,Z4-8M-06,5th Cross Corner,LED,,dead,ok
Z4 8th Main from 7th Cross,Z4-8M-07,4th Cross Corner,LED,,dead,dead
Z4 8th Main from 7th Cross,Z4-8M-08,3rd Cross Corner,LED,,ok,ok
Z4 8th Main from 7th Cross,Z4-8M-09,2nd Cross Corner,LED,,ok,ok
Z4 8th Main from 7th Cross,Z4-8M-10,Kalyan Shetty Resi.,LED,,ok,ok
Z4 8th Main from 7th Cross,Z4-8M-11,1st Corner,LED,,ok,ok
Z4 8th Main from 7th Cross,Z4-8M-12,next to Corp Bank ATM,LED,,ok,ok
Z4 8th Main from 7th Cross,Z4-8M-13,Wolfpack1,LED,,ok,ok
Z4 8th Main from 7th Cross,Z4-8M-14,Wolfpack2,LED,,ok,ok
Z4 8th Main from 7th Cross,Z4-8M-15,1st A Cross,LED,,ok,ok
Z4 8th Main from 7th Cross,Z4-8M-16,Desserted,LED,,ok,ok
Z4 8th Main from 7th Cross,Z4-8M-17,MCC Institute,LED,,ok,ok
Z4 Palace Road from 8th Main,Z4-PR-01,MCC1,Sodium,,ok,ok
Z4 Palace Road from 8th Main,Z4-PR-02,MCC2,LED,,dead,ok
Z4 Palace Road from 8th Main,Z4-PR-03,MCC3,LED,,ok,ok
Z4 Palace Road from 8th Main,Z4-PR-04,MCC4,LED,,ok,ok
Z4 Palace Road from 8th Main,Z4-PR-05,CCD,LED,,dead,dead
Z4 Palace Road from 8th Main,Z4-PR-06,Shivaligaiah Resi.,LED,,ok,ok
Z4 Palace Road from 8th Main,,NEW SL REQD,,Pole Present,,
Z4 Palace Road from 8th Main,Z4-PR-07,I BHAAN (Niton),LED,,ok,ok
Z4 Palace Road from 8th Main,Z4-PR-08,I NATURE 1 (Niton),LED,,ok,ok
Z4 Palace Road from 8th Main,Z4-PR-09,I NATURE 2 (Niton),LED,,ok,ok
Z4 Palace Road from 8th Main,Z4-PR-10,Cgm Rd Rt Turn Corner,LED,,ok,ok
Z4 Palace Road from 8th Main,Z4-PR-11,Cgm Rd Lt Turn Corner,LED,,ok,ok
Z4 Cunn Road from Palace Road,,,,,,POLE ABSENT
Z4 Cunn Road from Palace Road,Z4-CR-01,opp HM Realtors,LED,,ok,ok
Z4 Cunn Road from Palace Road,Z4-CR-02,Bus Stand,LED,,ok,ok
Z4 Cunn Road from Palace Road,Z4-CR-03,opp Bus Stand,LED,,ok,ok
Z4 Cunn Road from Palace Road,Z4-CR-04,Neofoods(Niton),LED,,ok,ok
Z4 Cunn Road from Palace Road,Z4-CR-05,Opp Old SBM,LED,POLE ABSENT,ok,ok
Z4 Cunn Road from Palace Road,Z4-CR-06,Outside CIE 1,LED,check4pruning,dead,dead
Z4 Cunn Road from Palace Road,Z4-CR-07,Opp CIE,LED,,ok,ok
Z4 Cunn Road from Palace Road,Z4-CR-08,Outside CIE 2,LED,,dead,dead
Z4 Cunn Road from Palace Road,Z4-CR-09,Sai Leela,LED,,ok,ok
Z4 Cunn Road from Palace Road,Z4-CR-10,Emb. Woods Mn Gate,LED,,dead,dead
Z4 Cunn Road from Palace Road,Z4-CR-11,FAT Buddha,LED,,ok,ok
Z4 Cunn Road from Palace Road,Z4-CR-12,Embassy Links,LED,check4pruning,dead,dead
Z4 14th Main from 7th Cross,Z4-14M-01,Mandoth Resi.,Sodium,,ok,ok
Z4 14th Main from 7th Cross,Z4-14M-02,Alur Resi.,Sodium,,ok,ok
Z4 14th Main from 7th Cross,Z4-14M-03,Hebbar Resi.,Sodium,,ok,ok
Z4 14th Main from 7th Cross,Z4-14M-04,Mallya,Sodium,check4pruning,ok,ok
Z4 14th Main from 7th Cross,Z4-14M-05,Madhu Bhandari Resi.,Sodium,check4pruning,ok,ok
Z4 14th Main from 7th Cross,Z4-14M-06,Vasanta Costa,Sodium,check4pruning,ok,ok
Z4 14th Main from 7th Cross,,NEW SL REQD,,Pole Absent,,
Z4 14th Main from 7th Cross,Z4-14M-07,2nd Cross Corner,Sodium,,ok,ok
Z4 13th Main fom 2nd Cr,Z4-13M-01,New Apartment,Sodium,,dead,ok
Z4 13th Main fom 2nd Cr,Z4-13M-02,1st Cross Corner,Sodium,,ok,ok
Z4 13th Main fom 2nd Cr,Z4-13M-03,Everstone,Sodium,,ok,ok
Z4 13th Main fom 2nd Cr,Z4-13M-04,IOC Apartment,Sodium,,ok,ok
Z4 13th Main fom 2nd Cr,Z4-13M-05,Naveen 1,Sodium,,ok,ok
Z4 13th Main fom 2nd Cr,Z4-13M-06,Naveen 2,Sodium,,ok,ok
Z4 13th Main fom 2nd Cr,Z4-13M-07,Seetha Ramachandra 1,Sodium,,ok,ok
Z4 13th Main fom 2nd Cr,Z4-13M-08,Seetha Ramachandra 2,Sodium,,ok,ok
Z4 12th Main from Palace Road,Z4-12M-01,SRM,Sodium,,ok,ok
Z4 12th Main from Palace Road,Z4-12M-02,Mali Patil,Sodium,,ok,ok
Z4 12th Main from Palace Road,Z4-12M-03,Ullal 1,Sodium,,ok,ok
Z4 12th Main from Palace Road,Z4-12M-04,Ullal 2,Sodium,,ok,ok
Z4 12th Main from Palace Road,Z4-12M-05,Dr. Prabhu Clinic,Sodium,,ok,ok
Z4-1st Cr from 8th Main,,NEW SL REQD,,Pole Absent,,
Z4-1st Cr from 8th Main,Z4-1C-01,Balu-Charu,Sodium,,ok,ok
Z4-1st Cr from 8th Main,Z4-1C-02,Mount Print Zone,Sodium,,ok,ok
Z4-1st Cr from 8th Main,Z4-1C-03,P. G.,Sodium,,ok,ok
Z4 2nd Cr from 8th Main,Z4-2C-01,Anand Resi.,Sodium,,ok,ok
Z4 2nd Cr from 8th Main,Z4-2C-02,Porwal 1,Sodium,,ok,ok
Z4 2nd Cr from 8th Main,Z4-2C-03,Porwal 2,Sodium,,ok,ok
Z4 2nd Cr from 8th Main,Z4-2C-04,Lalitha Srinivasan,Sodium,,ok,ok
Z4 3rd Cr from 8th Main,,NEW SL REQD,,Pole Absent,,
Z4 3rd Cr from 8th Main,Z4-3C-01,Opp Roller Toaster,Sodium,,ok,ok
Z4 3rd Cr from 8th Main,Z4-3C-02,Diag. opp Suresh BM,Sodium,,ok,ok
Z4 3rd Cr from 8th Main,Z4-3C-03,Ex Ravi Dish office,Sodium,,ok,ok
Z4 3rd Cr from 8th Main,Z4-3C-04,Surana's,Sodium,,ok,ok
Z4 4th Cross from 8th Main,Z4-4C-01,8th Main Corner,Sodium,,ok,ok
Z4 4th Cross from 8th Main,Z4-4C-02,House No. 2,Sodium,,ok,ok
Z4 4th Cross from 8th Main,Z4-4C-03,House Milan,Sodium,,ok,ok
Z4 4th Cross from 8th Main,Z4-4C-04,Anitha Boutique,Sodium,,ok,ok
Z4 5th Cross from 8th Main,Z4-5C-01,Andrew  Resi.,Sodium,,ok,ok
Z4 5th Cross from 8th Main,Z4-5C-02,P. G.,Sodium,,ok,ok
Z4 11th Main from 5th Cross,Z4-11M-01,opp Dental Clinic,Sodium,,ok,ok
Z4 11th Main from 5th Cross,Z4-11M-02,P. S. Chandrashekar,Sodium,,ok,dead
Z4 11th Main from 5th Cross,Z4-11M-03,Anil Kumar S. R.,Sodium,check4pruning,ok,ok
Z4 10th Main from 7th Cross,Z4-10M-01,Jagdish Lawyer,Sodium,,ok,ok
Z4 10th Main from 7th Cross,Z4-10M-02,Opp Gadadhar,Sodium,,ok,ok
Z4 10th Main from 7th Cross,Z4-10M-03,Opp Abdul Rehman,Sodium,,ok,ok
Z4 10th Main from 7th Cross,Z4-10M-04,Mount Crest School,Sodium,,ok,ok
Z1 MCC Road from Rly Line,,NEW SL REQD,,Pole Absent,,
Z1 MCC Road from Rly Line,Z1-MCC-01,Art Houz 1,Sodium,,ok,ok
Z1 MCC Road from Rly Line,Z1-MCC-02,Art Houz 2,Sodium,check4pruning,ok,dead
Z1 MCC Road from Rly Line,,NEW SL REQD,,Pole Present,,
Z1 MCC Road from Rly Line,Z1-MCC-03,Nr Emb. Hab. Mn Gate,Sodium,,ok,ok
Z1 MCC Road from Rly Line,Z1-MCC-04,Nr MCC Mn Gate,Sodium,,ok,ok
Z1 MCC Road from Rly Line,,NEW SL REQD,,Pole Absent,,
Z1 MCC Road from Rly Line,Z1-MCC-05,Nr Palace Rd Junction,Sodium,,ok,ok
Z1 Palace Road from 8th Main,Z1-PR-01,Multi-Light Mast 1,Sodium,,ok,ok
Z1 Palace Road from 8th Main,Z1-PR-02,Multi-Light Mast 2,Sodium,,ok,ok
Z1 Palace Road from 8th Main,Z1-PR-03,Multi-Light Mast 3,Sodium,,ok,ok
Z1 Palace Road from 8th Main,Z1-PR-04,Multi-Light Mast 4,Sodium,,ok,ok
Z1 Palace Road from 8th Main,Z1-PR-05,Pole 2,LED,,ok,ok
Z1 Palace Road from 8th Main,Z1-PR-06,Pole 2,LED,,ok,ok
Z1 Palace Road from 8th Main,Z1-PR-07,Pole 3,LED,,ok,ok
Z1 Palace Road from 8th Main,Z1-PR-08,Pole 3,LED,,ok,ok
Z1 Palace Road from 8th Main,Z1-PR-09,Pole 4,LED,,ok,ok
Z1 Palace Road from 8th Main,Z1-PR-10,Pole 4,LED,,ok,ok
Z1 Palace Road from 8th Main,Z1-PR-11,Pole 5,LED,,ok,ok
Z1 Palace Road from 8th Main,Z1-PR-12,Pole 5,LED,,ok,ok
Z1 Palace Road from 8th Main,Z1-PR-13,Pole 6,LED,,dead,dead
Z1 Palace Road from 8th Main,Z1-PR-14,Pole 6,LED,,ok,ok
Z1 Palace Road from 8th Main,Z1-PR-15,Pole 7,LED,,ok,ok
Z1 Palace Road from 8th Main,Z1-PR-16,Pole 7,LED,,ok,ok
Z1 1st Main from Rly Underpass,,NEW SL REQD,,Camera Pole,,
Z1 1st Main from Rly Underpass,,NEW SL REQD,,Camera Pole,,
Z1 1st Main from Rly Underpass,Z1-1M-01,Median Pole 1,Sodium,,ok,dead
Z1 1st Main from Rly Underpass,Z1-1M-02,Median Pole 1,Sodium,,ok,dead
Z1 1st Main from Rly Underpass,Z1-1M-03,Median Pole 2,Sodium,,ok,dead
Z1 1st Main from Rly Underpass,Z1-1M-04,Median Pole 2,Sodium,,ok,dead
Z1 1st Main from Rly Underpass,Z1-1M-05,Median Pole 3,Sodium,,ok,dead
Z1 1st Main from Rly Underpass,Z1-1M-06,Median Pole 3,Sodium,,dead,dead
Z1 1st Main from Rly Underpass,Z1-1M-07,Median Pole 4,Sodium,,dead,dead
Z1 1st Main from Rly Underpass,Z1-1M-08,Median Pole 4,Sodium,,dead,dead
Z1 1st Main from Rly Underpass,Z1-1M-11,Before VWWA School,Sodium,check4pruning,ok,ok
Z1 1st Main from Rly Underpass,Z1-1M-12,Opp VWWA School,LED,,dead,dead
Z1 1st Main from Rly Underpass,Z1-1M-13,Opp VWWA School,LED,,ok,ok
Z1 1st Main from Rly Underpass,Z1-1M-14,opp 7th Crs Corner,LED,,dead,dead
Z1 7th Cross from 1st Main,Z1-7C-01,Hopcoms,Sodium,,dead,ok
Z1 7th Cross from 1st Main,Z1-7C-02,opp Hopcoms,LED,,ok,ok
Z1 7th Cross from 1st Main,Z1-7C-03,opp Ambedkar Colony1,Sodium,,ok,ok
Z1 7th Cross from 1st Main,Z1-7C-04,opp Ambedkar Colony2,Sodium,,ok,ok
Z1 7th Cross from 1st Main,Z1-7C-05,opp Ambedkar Colony3,Sodium,,dead,ok
Z1 7th Cross from 1st Main,Z1-7C-06,1st CROSS to 6th Crs,Sodium,,ok,ok
Z1 7th Cross from 1st Main,Z1-7C-07,Corner of 1st CROSS,Sodium,,ok,ok
Z1 7th Cross from 1st Main,Z1-7C-08,Dentinova Clinic,Sodium,,ok,ok
Z1 7th Cross from 1st Main,Z1-7C-09,2nd CROSS to 6th Crs,Sodium,,ok,ok
Z1 7th Cross from 1st Main,Z1-7C-10,Corner of 2nd CROSS,Sodium,,ok,ok
Z1 7th Cross from 1st Main,Z1-7C-11,Wrestling Assn.,Sodium,,ok,ok
Z1 7th Cross from 1st Main,Z1-7C-12,Surana Villa,Sodium,,dead,ok
Z1 7th Cross from 1st Main,Z1-7C-13,3rd CROSS to 6th Crs,Sodium,,ok,ok
Z1 7th Cross from 1st Main,Z1-7C-14,opp BBMP Complex 1,Sodium,check4pruning,ok,ok
Z1 7th Cross from 1st Main,Z1-7C-15,opp BBMP Complex 2,Sodium,check4pruning,ok,ok
Z1 7th Cross from 1st Main,Z1-7C-16,opp BBMP Complex 3,Sodium,,ok,ok
Z1 7th Cross from 1st Main,Z1-7C-17,7th Mn Corner,Sodium,,ok,ok
Z1 7th Cross from 1st Main,Z1-7C-18,7th A Mn Corner,Sodium,,ok,ok
Z1 7th A Main from 7th Cross,Z1-7AM-01,,Sodium,,ok,ok
Z1 7th A Main from 7th Cross,Z1-7AM-02,,Sodium,check direction dead,,ok
Z1 6th Cross from 8th Main,Z1-6C-01,Jn with 8th Main,Sodium,,ok,ok
Z1 6th Cross from 8th Main,Z1-6C-02,Govt Qtrs - C104,Sodium,,ok,ok
Z1 6th Cross from 8th Main,Z1-6C-03,Govt Qtrs - C102,Sodium,,ok,ok
Z1 6th Cross from 8th Main,Z1-6C-04,Govt Qtrs - C101,Sodium,,ok,ok
Z1 6th Cross from 8th Main,Z1-6C-05,Corner with 7th Main 1,Sodium,,ok,ok
Z1 6th Cross from 8th Main,Z1-6C-06,Corner with 7th Main 2,Sodium,,dead,ok
Z1 6th Cross from 8th Main,Z1-6C-07,Jn with 3rd CROSS(to7C),Sodium,,ok,ok
Z1 6th Cross from 8th Main,Z1-6C-08,Jn with 2nd CROSS(to 7C) ,Sodium,,ok,ok
Z1 6th Cross from 8th Main,Z1-6C-09,Nr Petty Shop,Sodium,,ok,ok
Z1 6th Cross from 8th Main,Z1-6C-10,Outside Aarthi Resi,Sodium,,ok,ok
Z1 6th Cross from 8th Main,,NEW SL REQD,Cons. Lane,Wall Present,,
Z1 6th Cross from 8th Main,Z1-6C-11,H No. 43 (nr 1st CROSS),Sodium,,ok,ok
Z1 6th Cross from 8th Main,Z1-6C-12,Muniraju,Sodium,,ok,ok
Z1 6th Cross from 8th Main,Z1-6C-13,opp H No. 48,Sodium,,ok,ok
Z1 6th Cross from 8th Main,Z1-6C-14,Lane next to H No. 48,Sodium,,ok,ok
Z1 6th Cross from 8th Main,Z1-6C-15,BBMP Small Park,Sodium,,ok,ok
Z1 Loop Road from 5th Cross,Z1-LR-01,Aishwaria Shop,Sodium,check4pruning,ok,ok
Z1 Loop Road from 5th Cross,Z1-LR-02,3rd Crs Corner,Sodium,check4pruning,ok,ok
Z1 Loop Road from 5th Cross,Z1-LR-03,Vijaykanth 1,Sodium,,ok,dead
Z1 Loop Road from 5th Cross,Z1-LR-04,Vijaykanth 2,Sodium,,dead,dead
Z1 Loop Road from 5th Cross,Z1-LR-05,Malimath 1,Sodium,,ok,ok
Z1 Loop Road from 5th Cross,Z1-LR-06,Malimath 2,Sodium,,ok,ok
Z1 Loop Road from 5th Cross,Z1-LR-07,Pole Mast 1,Sodium,,dead,dead
Z1 Loop Road from 5th Cross,Z1-LR-08,Pole Mast 2,Sodium,,dead,dead
Z1 Loop Road from 5th Cross,Z1-LR-09,Pole Mast 3,Sodium,,dead,dead
Z1 Loop Road from 5th Cross,Z1-LR-10,Pole Mast 4,Sodium,,dead,dead
Z1 Loop Road from 5th Cross,Z1-LR-11,Valdel,Sodium,check4pruning,ok,ok
Z1 Loop Road from 5th Cross,Z1-LR-12,Ayodhya,Sodium,check4pruning,ok,ok
Z1 Loop Road from 5th Cross,Z1-LR-13,Reddi,Sodium,check4pruning,ok,ok
Z1 Loop Road from 5th Cross,,NEW SL REQD,,Pole Present,,
Z1 Loop Road from 5th Cross,Z1-LR-14,Embassy Star,Sodium,check4pruning,ok,ok
Z1 Loop Road from 5th Cross,,NEW SL REQD,outside Estar,Pole Present,,
Z1 1st Cross from 8th Main,Z1-1C-01,Govt Qtrs - C26,Sodium,,ok,ok
Z1 1st Cross from 8th Main,Z1-1C-02,Govt Qtrs - C24,Sodium,,ok,ok
Z1 1st Cross from 8th Main,Z1-1C-03,Diag. Opp C24,Sodium,,dead,ok
Z1 1st Cross from 8th Main,Z1-1C-04,Opp C22,Sodium,,ok,ok
Z1 1st Cross from 8th Main,Z1-1C-05,Jaichandji,Sodium,check4pruning,ok,ok
Z1 1st Cross from 8th Main,Z1-1C-06,Bhanu Prakash,Sodium,check4pruning,ok,ok
Z1 1st Cross from 8th Main,Z1-1C-07,opp. Krishnaswamy,Sodium,,ok,ok
Z1 1st Cross from 8th Main,Z1-1C-08,Dr. Chandrashekar,Sodium,check4pruning,ok,ok
Z1 Diag Road from Loop Road,Z1-DR-01,P. B. Kotur,Sodium,check4pruning,ok,ok
Z1 Diag Road from Loop Road,,NEW SL REQD,,Pole Absent,,
Z1 Diag Road from Loop Road,Z1-DR-02,new Govt Qtrs 1,Sodium,,ok,ok
Z1 Diag Road from Loop Road,Z1-DR-03,new Govt Qtrs 2,Sodium,,ok,ok
Z1 2nd Cr from Diag Road,,NEW SL REQD,,Pole Present,,
Z1 2nd Cr from Diag Road,Z1-2C-01,Vishwanath Associates,Sodium,check4pruning,ok,ok
Z1 2nd Cr from Diag Road,Z1-2C-02,Narayan Resi,Sodium,check4pruning,ok,ok
Z1 2nd Cr from Diag Road,Z1-2C-03,Yang Resi,Sodium,,ok,ok
Z1 2nd Cr from Diag Road,Z1-2C-04,HC Judge,Sodium,,ok,ok
Z1 2nd Cr from Diag Road,Z1-2C-05,Nagaraj opp Mamaji,Sodium,,ok,ok
Z1 2nd Cr from Diag Road,Z1-2C-06,Karunji P. G.,Sodium,,ok,ok
Z1 3rd Cross from 8th Main,Z1-3C-01,Govt Qtrs C53,Sodium,,ok,ok
Z1 3rd Cross from 8th Main,Z1-3C-02,opp Saraswathi Resi,Sodium,check4pruning,dead,ok
Z1 3rd Cross from 8th Main,Z1-3C-03,opp Apartment,Sodium,check4pruning,dead,ok
Z1 3rd Cross from 8th Main,Z1-3C-04,Govt Qtrs C58,Sodium,,ok,ok
Z1 3rd Cross from 8th Main,Z1-3C-05,7th Mn Corner (Sudan),Sodium,,dead,ok
Z1 3rd Cross from 8th Main,Z1-3C-06,Bagamane Resi,Sodium,,ok,ok
Z1 3rd Cross from 8th Main,Z1-3C-07,Agarwal new Bldg,Sodium,,ok,ok
Z1 3rd Cross from 8th Main,Z1-3C-08,Soul Parlour,Sodium,,dead,ok
Z1 3rd Cross from 8th Main,Z1-3C-09,Syndicate Bank,Sodium,,ok,ok
Z1 3rd Cross from 8th Main,,NEW SL REQD,,Pole Present,,
Z1 5th Cross from 1st Main,Z1-5C-01,Corner with Loop Rd,Sodium,,ok,ok
Z1 5th Cross from 1st Main,Z1-5C-02,Sonu Villa (Kankaria),Sodium,,ok,ok
Z1 5th Cross from 1st Main,Z1-5C-03,V. A. Lakshmipati,Sodium,check4pruning,ok,ok
Z1 5th Cross from 1st Main,Z1-5C-04,opp Gopalappa,Sodium,,ok,ok
Z1 5th Cross from 1st Main,Z1-5C-05,behind Aarthi Resi.,Sodium,,ok,ok
Z1 5th Cross from 1st Main,Z1-5C-06,Thulasi Ratan Advocate,Sodium,,ok,ok
Z1 5th Cross from 1st Main,Z1-5C-07,opp Dr. S. K. Chandru,Sodium,,ok,ok
Z1 5th Cross from 1st Main,Z1-5C-08,"No. 18, Apartment",Sodium,,ok,ok
Z1 5th Cross from 1st Main,Z1-5C-09,Jn with 7th Main 1,Sodium,,dead,ok
Z1 5th Cross from 1st Main,Z1-5C-10,Jn with 7th Main 2,Sodium,,ok,ok
Z1 5th Cross from 1st Main,Z1-5C-11,Jn with 7th Main 3,Sodium,,ok,ok
Z1 5th Cross from 1st Main,Z1-5C-12,Govt Qtrs C96,Sodium,check4pruning,dead,ok
Z1 5th Cross from 1st Main,Z1-5C-13,Govt Qtrs C93,Sodium,check4pruning,ok,ok
Z1 5th Cross from 1st Main,Z1-5C-14,Govt Qtrs C92,Sodium,check4pruning,ok,ok
Z1 5th Cross from 1st Main,Z1-5C-15,opp Govt Qtrs C90,Sodium,,dead,ok
Z1 7th main ,Z1-7M-01,betn 3rd & 5th Crs,Sodium,,ok,ok
Z1 7th main ,,NEW SL REQD,,Pole Absent,,
Z1 7th main ,Z1-7M-02,opp Fathima Manzil,Sodium,,ok,ok
Z1 7th main ,Z1-7M-03,Connecting Rd to North1,Sodium,,ok,ok
Z1 7th main ,Z1-7M-04,Connecting Rd to North2,Sodium,,dead,ok
Z1 7th main ,Z1-7M-05,Jn with Connecting Rd,Sodium,,ok,ok
Z3 7th Cross,,All Lights in Z4,,,,
Z3 Cunn Rd from 7th Cross,Z3-CR-01,opp Anup Shah office,LED,,ok,ok
Z3 Cunn Rd from 7th Cross,Z3-CR-02,Pole damaged,LED,POLE ABSENT,Missing,Missing
Z3 Cunn Rd from 7th Cross,Z3-CR-03,Opp Temple,LED,,ok,ok
Z3 Cunn Rd from 7th Cross,Z3-CR-04,Nr Temple Mn Gate,LED,,ok,ok
Z3 Cunn Rd from 7th Cross,Z3-CR-05,Nr Traffic Light Rt Corner ,LED,,ok,ok
Z3 Cunn Rd from 7th Cross,Z3-CR-06,Nr Traffic Light Lt corner,LED,,ok,ok
Z3 Miller Road from Cunn Road,Z3-MR-01,High Grounds Police Stn1 ,Sodium,,ok,ok
Z3 Miller Road from Cunn Road,Z3-MR-02,High Grounds Police Stn2 ,LED,,ok,ok
Z3 Miller Road from Cunn Road,,NEW SL REQD,,Pole Present,,
Z3 Miller Road from Cunn Road,Z3-MR-03,15th Main Corner,Sodium,,ok,ok
Z3 Miller Road from Cunn Road,Z3-MR-04,Dobbspet 1st Crs Corner,Sodium,,ok,ok
Z3 Miller Road from Cunn Road,Z3-MR-05,Dobbspet 2nd Crs Corner ,Sodium,,ok,ok
Z3 Miller Road from Cunn Road,Z3-MR-06,Imperial Hotel,Sodium,check4pruning,ok,ok
Z3 Miller Road from Cunn Road,Z3-MR-07,Young Island,Sodium,,ok,ok
Z3 Miller Road from Cunn Road,Z3-MR-08,11th A Main Corner,Sodium,,dead,dead
Z3 Miller Road from Cunn Road,Z3-MR-09,Athena Gym,Sodium,,ok,ok
Z3 Miller Road from Cunn Road,Z3-MR-10,Konica (ex Fotoflash),Sodium,check4pruning,dead,dead
Z3 Miller Road from Cunn Road,Z3-MR-11,Millers 46,Sodium,,dead,dead
Z3 Miller Road from Cunn Road,Z3-MR-12,Right Turn to Jain Hosp1,Sodium,,ok,ok
Z3 Miller Road from Cunn Road,Z3-MR-13,Right Turn to Jain Hosp2,Sodium,,ok,ok
Z3 Miller Road from Cunn Road,Z3-MR-14,Ayyappa Temple,Sodium,,dead,dead
Z3 8th Main from Miller Road,Z3-8M-01,Slope 1 (left),LED,,ok,ok
Z3 8th Main from Miller Road,Z3-8M-02,Slope 1 (left),Sodium,,dead,dead
Z3 8th Main from Miller Road,Z3-8M-03,Slope 2 (left),LED,,ok,ok
Z3 8th Main from Miller Road,Z3-8M-04,Slope 3 (left),LED,,ok,ok
Z3 8th Main from Miller Road,,NEW SL REQD,,Pole Present,,
Z3 8th Main from Miller Road,3-8M-05,Rehmaniya Restaurant,Sodium,,ok,ok
Z3 8th Main from Miller Road,Z3-8M-05,13th Cross Corner,LED,,ok,ok
Z3 8th Main from Miller Road,Z3-8M-06,Amul Ice Cream,LED,,ok,ok
Z3 8th Main from Miller Road,Z3-8M-07,11th Cross Corner,LED,,ok,ok
Z3 8th Main from Miller Road,Z3-8M-08,V. Temple,LED,,ok,ok
Z3 8th Main from Miller Road,Z3-8M-09,10th Cross Corner,LED,,ok,ok
Z3 8th Main from Miller Road,Z3-8M-10,Flour Mill,LED,,dead,dead
Z3 8th Main from Miller Road,Z3-8M-11,Ayodhya,LED,,ok,ok
Z3 8th Main from Miller Road,Z3-8M-12,Grand Café,LED,,ok,ok
Z3 10th Main from 7th Cross,Z3-10M-01,Regular Intervals,Sodium,,ok,dead
Z3 10th Main from 7th Cross,Z3-10M-02,,Sodium,,ok,ok
Z3 10th Main from 7th Cross,Z3-10M-03,,Sodium,,ok,ok
Z3 10th Main from 7th Cross,Z3-10M-04,,Sodium,,ok,dead
Z3 10th Main from 7th Cross,Z3-10M-05,,Sodium,,ok,ok
Z3 11th Main from 7th Cross,Z3-11M-01,Nr Corner with 7th Cross,Sodium,,ok,ok
Z3 11th Main from 7th Cross,Z3-11M-02,Diag opp Vasu Clinic,Sodium,,ok,ok
Z3 11th Main from 7th Cross,Z3-11M-03,opp ATM,Sodium,,ok,ok
Z3 11th Main from 7th Cross,Z3-11M-04,Opp Prabhakar Raj Resi,Sodium,,ok,ok
Z3 11th Main from 7th Cross,Z3-11M-05,opp Govt School 1,Sodium,check4pruning,ok,ok
Z3 11th Main from 7th Cross,Z3-11M-06,opp Govt School 2,Sodium,check4pruning,ok,ok
Z3 11th Main from 7th Cross,Z3-11M-07,opp Vinita Javali Resi,Sodium,,ok,ok
Z3 11th Main from 7th Cross,Z3-11M-08,Malgudi Bazaar,Sodium,check4pruning,ok,ok
Z3 11th Main from 7th Cross,Z3-11M-09,Radhakrishna Raju Resi,Sodium,check4pruning,ok,ok
Z3 11th Main from 7th Cross,Z3-11M-10,opp Temple 1,Sodium,,ok,ok
Z3 11th Main from 7th Cross,Z3-11M-11,opp Temple 2,Sodium,,ok,ok
Z3 13th Cross from 11th Main,Z3-13C-01,near 11th Main,Sodium,,ok,ok
Z3 13th Cross from 11th Main,Z3-13C-02,junction with 9th Main,Sodium,,ok,ok
Z3 13th Cross from 11th Main,Z3-13C-03,opp MedPlus,Sodium,,ok,ok
Z3 9th Main from Miller Road,Z3-9M-01,Near Miller Rd,Sodium,,ok,ok
Z3 9th Main from Miller Road,Z3-9M-02,before 13th Crs,Sodium,,ok,ok
Z3 9th Main from Miller Road,Z3-9M-03,before 13th Crs,Sodium,,ok,ok
Z3 9th Main from Miller Road,Z3-9M-04,before 13th Crs,Sodium,,ok,ok
Z3 9th Main from Miller Road,Z3-9M-05,bet 12th & 13th Crs,Sodium,,ok,dead
Z3 9th Main from Miller Road,Z3-9M-06,bet 12th & 13th Crs,Sodium,,ok,ok
Z3 10th Cross from 11th Main,Z3-10C-01,Junction with 10th Mn,Sodium,,ok,ok
Z3 10th Cross from 11th Main,,NEW SL REQD,,Pole Absent,,
Z3 10th Cross from 11th Main,Z3-10C-02,opp Chalapathi 1,Sodium,,ok,ok
Z3 10th Cross from 11th Main,Z3-10C-03,opp Chalapathi 2,Sodium,Turn SL,ok,ok
Z3 10th Cross from 11th Main,Z3-10C-04,Junction with 11th A Mn,Sodium,,ok,ok
Z3 10th Cross from 11th Main,Z3-10C-05,Jn with 2nd Crs Dobbspet ,Sodium,,ok,ok
Z3 10th Cross from 11th Main,Z3-10C-06,Jn with 1st Crs Dobbspet,Sodium,,ok,ok
Z3 9th Cross from 11th Main,Z3-9C-01,near Car Painter,Sodium,,ok,ok
Z3 9th Cross from 11th Main,Z3-9C-02,opp Sri Krishna,Sodium,,dead,dead
Z3 9th Cross from 11th Main,Z3-9C-03,Opp Dhansingh G. Nilaya,Sodium,,ok,ok
Z3 15th Main from 7th Cross,Z3-15M-01,H M Glenville 1,Sodium,,ok,ok
Z3 15th Main from 7th Cross,Z3-15M-02,H M Glenville 2,Sodium,,ok,ok
Z3 15th Main from 7th Cross,Z3-15M-03,opp Telecom Society Off.,Sodium,,ok,ok
Z3 15th Main from 7th Cross,Z3-15M-04,Ratnawaz Resi,Sodium,,ok,ok
Z3 15th Main from 7th Cross,Z3-15M-05,Punjabis Corner,Sodium,,ok,ok
Z3 15th Main from 7th Cross,Z3-15M-06,Police Quarters1,Sodium,check4pruning,ok,ok
Z3 15th Main from 7th Cross,Z3-15M-07,Police Quarters2,Sodium,,ok,ok
Z3 15th Main from 7th Cross,Z3-15M-08,Police Quarters3,Sodium,,ok,ok
Z3 15th Main from 7th Cross,Z3-15M-09,Police Quarters4,Sodium,,ok,ok
Z3 15th Main from 7th Cross,Z3-15M-10,Police Quarters5,Sodium,,ok,ok
Z3 16th Main from Miller Road,Z3-16M-01,Police Qrts,Sodium,,ok,ok
Z3 16th Main from Miller Road,Z3-16M-02,Police Qrts,Sodium,,ok,ok
Z3 16th Main from Miller Road,Z3-16M-03,opp Temple Entrance,Sodium,,ok,ok
Z3 16th Main from Miller Road,Z3-16M-04,Police Qrts,Sodium,,ok,ok
Z3 16th Main from Miller Road,Z3-16M-05,Police Qrts,Sodium,check4pruning,ok,ok
Z3 16th Main from Miller Road,Z3-16M-06,Rd connecting to 15M,Sodium,check4pruning,ok,ok
Z3 16th Main from Miller Road,,NEW SL REQD,,Pole Absent,,
Z3 Db 1st Cross from Miller Road,Z3-D1C-01,Regular Intervals,Sodium,,ok,ok
Z3 Db 1st Cross from Miller Road,Z3-D1C-02,,Sodium,,ok,ok
Z3 Db 1st Cross from Miller Road,Z3-D1C-03,,Sodium,,ok,ok
Z3 Db 1st Cross from Miller Road,Z3-D1C-04,,Sodium,,ok,ok
Z3 Db 2nd Cross from Miller Road,Z3-D2C-01,Regular Intervals,Sodium,,ok,ok
Z3 Db 2nd Cross from Miller Road,Z3-D2C-02,,Sodium,,ok,ok
Z3 Db 2nd Cross from Miller Road,Z3-D2C-03,,Sodium,,ok,dead
Z3 Db 2nd Cross from Miller Road,Z3-D2C-04,,Sodium,,ok,ok
Z3 Db 2nd Cross from Miller Road,,NEW SL REQD,,Pole Present,,
Z3 11th A Main from Miller Road,Z3-11AMn-01,opp Stay Inn,Sodium,,ok,ok
Z3 11th A Main from Miller Road,Z3-11AMn-02,,Sodium,,ok,ok
Z3 11th A Main from Miller Road,Z3-11AMn-03,,Sodium,,ok,ok
Z3 11th A Main from Miller Road,,NEW SL REQD,,Pole Absent,,
Z3 12th Cross from 11th Main,,NEW SL REQD,,Pole Present,,
Z2 8th Main,,All lights in Z3,,,,
Z2 Millers Road from 8th Main,Z2-MR-01,Corner with 8th Mn 1,Sodium,,dead,ok
Z2 Millers Road from 8th Main,Z2-MR-02,Corner with 8th Mn 2,Sodium,,dead,dead
Z2 Millers Road from 8th Main,Z2-MR-03,Indira Canteen 1,Sodium,,ok,ok
Z2 Millers Road from 8th Main,Z2-MR-04,Indira Canteen 2,Sodium,,ok,ok
Z2 Millers Road from 8th Main,Z2-MR-05,PNB,Sodium,,ok,ok
Z2 Millers Road from 8th Main,Z2-MR-06,Rajyotsava Pole,Sodium,,ok,ok
Z2 Millers Road from 8th Main,Z2-MR-07,Shilak Mobiles,Sodium,,dead,dead
Z2 Millers Road from 8th Main,Z2-MR-08,Tours & Travels,Sodium,,ok,ok
Z2 Millers Road from 8th Main,Z2-MR-09,Opp Ambedkar 1,Sodium,,ok,ok
Z2 Millers Road from 8th Main,Z2-MR-10,Opp Ambedkar 2,Sodium,,ok,ok
Z2 Millers Road from 8th Main,Z2-MR-11,Little Paradise,Sodium,,dead,dead
Z2 Millers Road from 8th Main,Z2-MR-12,Featherlite,Sodium,,ok,ok
Z2 1st Main From Miller Road,Z2-1M-01,Mini Forest Corner,LED,,ok,ok
Z2 1st Main From Miller Road,Z2-1M-02,MCC Grounds 1,Sodium,,ok,ok
Z2 1st Main From Miller Road,Z2-1M-03,MCC Grounds 2,Sodium,,ok,ok
Z2 1st Main From Miller Road,Z2-1M-04,MCC Grounds 3,Sodium,,dead,dead
Z2 1st Main From Miller Road,Z2-1M-05,MCC Grounds 4,Sodium,,ok,ok
Z2 1st Main From Miller Road,Z2-1M-06,MCC Gorunds 5,Sodium,,dead,ok
Z2 1st Main From Miller Road,Z2-1M-07,13th Cross Corner,Sodium,,dead,ok
Z2 1st Main From Miller Road,Z2-1M-08,Bike Point,Sodium,,dead,ok
Z2 1st Main From Miller Road,Z2-1M-09,Shiv Shakti Lane 1,Sodium,,dead,ok
Z2 1st Main From Miller Road,Z2-1M-10,Shiv Shakti Lane 2,Sodium,,dead,ok
Z2 1st Main From Miller Road,Z2-1M-11,Opp Shiv Shakti,Sodium,,ok,ok
Z2 1st Main From Miller Road,Z2-1M-12,Road Hump,Sodium,,ok,ok
Z2 1st Main From Miller Road,Z2-1M-13,MV Jayaram Resi,Sodium,,ok,ok
Z2 1st Main From Miller Road,Z2-1M-14,SBI,Sodium,,ok,ok
Z2 1st Main From Miller Road,Z2-1M-15,Namma Park1,Sodium,,ok,ok
Z2 1st Main From Miller Road,Z2-1M-16,Opp Govt School,Sodium,,ok,ok
Z2 1st Main From Miller Road,Z2-1M-17,Sholay Wine Store,Sodium,,ok,ok
Z2 1st Main From Miller Road,Z2-1M-18,Sify 1,Sodium,,dead,dead
Z2 1st Main From Miller Road,Z2-1M-19,Library,Sodium,,ok,ok
Z2 1st Main From Miller Road,Z2-1M-20,Opp 7th Cross,Sodium,,ok,ok
Z2 1st Main From Miller Road,Z2-1M-21,opp Cars24,LED,,ok,ok
Z2 7th Cross,,All lights in Z1,,,,
Z2 8th Cross from 7th Main,Z2-8C-01,Cariappa Shop,Sodium,,ok,ok
Z2 8th Cross from 7th Main,Z2-8C-02,ASN Motors,Sodium,,ok,ok
Z2 8th Cross from 7th Main,Z2-8C-03,behd BBMP Comp.corner ,Sodium,,ok,ok
Z2 8th Cross from 7th Main,Z2-8C-04,MT St Corner,Sodium,,ok,ok
Z2 8th Cross from 7th Main,Z2-8C-05,opp Hashim Resi,Sodium,,ok,ok
Z2 8th Cross from 7th Main,Z2-8C-06,Old Printing Press Corner ,Sodium,,ok,dead
Z2 8th Cross from 7th Main,Z2-8C-07,opp Vidya Sagar Dentist,Sodium,,ok,ok
Z2 8th Cross from 7th Main,Z2-8C-08,Behind Ambedkar 1,Sodium,,ok,ok
Z2 8th Cross from 7th Main,Z2-8C-09,Behind Ambedkar 2,Sodium,,ok,ok
Z2 8th Cross from 7th Main,Z2-8C-10,Nr 1st Mn Corner,Sodium,,ok,ok
Z2 1st A Main from 8th Cross,Z2-1AM-01,Behind Library,Sodium,,ok,ok
Z2 1st A Main from 8th Cross,Z2-1AM-02,Sundaram PG,Sodium,,ok,ok
Z2 1st A Main from 8th Cross,Z2-1AM-03,8th B Cross Corner,Sodium,,ok,ok
Z2 1st A Main from 8th Cross,Z2-1AM-04,10th Cross Corner,Sodium,,ok,ok
Z2 2nd Main W from 8th Cross,Z2-2MW-01,Towards 10th Crs,Sodium,,dead,ok
Z2 8th A Cr from 3rd Main W,Z2-8AC-01,Jn with 3rd Main (W),Sodium,,ok,ok
Z2 8th A Cr from 3rd Main W,Z2-8AC-02,Next,Sodium,,dead,ok
Z2 8th A Cr from 3rd Main W,Z2-8AC-03,towards 1st A Main,Sodium,,ok,ok
Z2 8th B Cross from 1st A Main,Z2-8BC-01,nr 1st A Mn Corner,Sodium,,ok,ok
Z2 8th B Cross from 1st A Main,Z2-8BC-02,2nd Mn (W) Corner,Sodium,,dead,ok
Z2 8th B Cross from 1st A Main,Z2-8BC-03,old Sampath Resi,Sodium,,ok,ok
Z2 8th B Cross from 1st A Main,Z2-8BC-04,nr B R Naidu property,Sodium,,ok,ok
Z2 9th C Cross from 1st A Main,Z2-9C-01,7th Mn Corner A,Sodium,,ok,ok
Z2 7th Main from 8th Cross,,Temple,Sodium,,ok,ok
Z2 7th Main from 8th Cross,,9th Crs Corner B,Sodium,,ok,ok
Z2 7th Main from 8th Cross,,Beside Mosque,Sodium,,ok,ok
Z2 7th Main from 8th Cross,,Colour Xerox,Sodium,,ok,ok
Z2 7th Main from 8th Cross,,opp Ameeruddin,Sodium,,dead,dead
Z2 7th Main from 8th Cross,,middle,Sodium,,ok,ok
Z2 7th Main from 8th Cross,,corner with 12th Crs,Sodium,,dead,dead
Z2 7th Main from 8th Cross,,bet 12th & 14th Crs 1,Sodium,,ok,ok
Z2 7th Main from 8th Cross,,bet 12th & 14th Crs 2,Sodium,,ok,ok
Z2 7th Main from 8th Cross,,bet 12th & 14th Crs 3,Sodium,,ok,ok
Z2 7th Main from 8th Cross,,bet 12th & 14th Crs 4,Sodium,,ok,ok
Z2 7th Main from 8th Cross,,bet 12th & 14th Crs 5,Sodium,,ok,ok
Z2 14th Cross,Z2-14C-01,nr 8th Mn Corner,Sodium,,ok,ok
Z2 6th Main from 14th Cross,Z2-6M-01,Outside Popular Garage,Sodium,check4pruning,ok,ok
Z2 6th Main from 14th Cross,Z2-6M-02,beside Dhobi Ghat,Sodium,,dead,ok
Z2 6th Main from 14th Cross,Z2-6M-03,Corner with 13th Crs B,Sodium,,ok,ok
Z2 6th Main from 14th Cross,Z2-6M-04,bet 13th Crs & 12th Crs,Sodium,,ok,ok
Z2 6th Main from 14th Cross,Z2-6M-05,12th Crs Corner,Sodium,,ok,dead
Z2 6th Main from 14th Cross,Z2-6M-06,"No. 32, 6th Mn",Sodium,,ok,ok
Z2 6th Main from 14th Cross,Z2-6M-07,Bhanu Prakash Resi,Sodium,,ok,ok
Z2 6th Main from 14th Cross,Z2-6M-08,Bet 10th Crs & 8th Crs 1,Sodium,,ok,ok
Z2 6th Main from 14th Cross,Z2-6M-09,Bet 10th Crs & 8th Crs 2,Sodium,,ok,ok
Z2 6th Main from 14th Cross,Z2-6M-10,Bet 10th Crs & 8th Crs 3,Sodium,,ok,ok
Z2 13th Cross,Z2-13C-01,Nr NHR Defenders Office ,Sodium,,ok,ok
Z2 13th Cross,Z2-13C-02,2nd Mn Corner,Sodium,,ok,ok
Z2 13th Cross,Z2-13C-03,3rd Mn Corner,Sodium,,ok,ok
Z2 13th Cross,Z2-13C-04,opp Dhobi Ghat,Sodium,,ok,ok
Z2 13th Cross,Z2-13C-05,6th Mn Corner A,Sodium,,dead,dead
Z2 2nd Main from 10th Cross,Z2-2M-01,,Sodium,,ok,ok
Z2 2nd Main from 10th Cross,Z2-2M-02,,Sodium,check4pruning,dead,ok
Z2 2nd Main from 10th Cross,Z2-2M-03,,Sodium,,ok,ok
Z2 2nd Main from 10th Cross,Z2-2M-04,,Sodium,,ok,ok
Z2 2nd Main from 10th Cross,Z2-2M-05,,Sodium,,ok,ok
Z2 2nd Main from 10th Cross,Z2-2M-06,,Sodium,,dead,dead
Z2 3rd Main from 13th Cross,Z2-3M-01,Diag opp Haresh Resi,Sodium,,ok,ok
Z2 3rd Main from 13th Cross,Z2-3M-02,bet 12th Crs & 10th Crs 1 ,Sodium,,ok,ok
Z2 3rd Main from 13th Cross,Z2-3M-03,bet 12th Crs & 10th Crs 2 ,Sodium,,dead,ok
Z2 3rd Main from 13th Cross,Z2-3M-04,bet 12th Crs & 10th Crs3,Sodium,,ok,ok
Z2 12th Cross from 8th Main,Z2-12C-01,between 8th & 7th Mn 1,Sodium,,ok,ok
Z2 12th Cross from 8th Main,Z2-12C-02,between 8th & 7th Mn 2,Sodium,,ok,ok
Z2 12th Cross from 8th Main,Z2-12C-03,Tirupati Courier,Sodium,,ok,ok
Z2 12th Cross from 8th Main,Z2-12C-04,towards 3rd Mn,Sodium,,ok,ok
Z2 4th Main from 12th Cross,Z2-4M-01,bet. 12th & 10th Crs 1,Sodium,,ok,ok
Z2 4th Main from 12th Cross,Z2-4M-02,bet. 12th & 10th Crs 2,Sodium,,ok,ok
Z2 4th Main from 12th Cross,Z2-4M-03,bet 10th Crs & 8th B Crs 1 ,Sodium,,ok,ok
Z2 4th Main from 12th Cross,Z2-4M-04,bet 10th Crs & 8th B Crs 2 ,Sodium,,ok,ok
Z2 4th Main from 12th Cross,Z2-4M-05,beside Mariamma Temp. ,Sodium,,ok,ok
Z2 5th Main from 8th Cross,Z2-5M-01,bet 8th Crs & 10th Crs 1,Sodium,,ok,ok
Z2 5th Main from 8th Cross,Z2-5M-02,bet 8th Crs & 10th Crs 2,Sodium,check4pruning,ok,ok
Z2 5th Main from 8th Cross,Z2-5M-03,after Star Radio,Sodium,,ok,ok
Z2 5th Main from 8th Cross,Z2-5M-04,"opp No. 5, 5th Main",Sodium,,ok,ok
Z2 5th Main from 8th Cross,Z2-5M-05,Jn with 12th Crs,Sodium,,ok,ok
Z2 5th Main from 8th Cross,Z2-5M-06,bet 12th Crs & 13th Crs 1 ,Sodium,,ok,ok
Z2 5th Main from 8th Cross,Z2-5M-07,bet 12th Crs & 13th Crs 2 ,Sodium,,ok,ok
Z2 10th Cross from 1st Main,Z2-10C-01,Vasantha Nivas side 1,Sodium,,ok,ok
Z2 10th Cross from 1st Main,Z2-10C-02,Vasantha Nivas side 1,Sodium,,ok,ok
Z2 10th Cross from 1st Main,Z2-10C-03,Vasantha Nivas side 1,Sodium,check4pruning,ok,ok
Z2 10th Cross from 1st Main,Z2-10C-04,Vasantha Nivas side 1,Sodium,,ok,ok
Z2 10th Cross from 1st Main,Z2-10C-05,Visweswaraiah Statue,Sodium,,ok,ok
Z2 10th Cross from 1st Main,Z2-10C-06,bet 1st Mn & 2nd Mn 1,Sodium,,ok,ok
Z2 10th Cross from 1st Main,Z2-10C-07,bet 1st Mn & 2nd Mn 2,Sodium,,ok,ok
Z2 10th Cross from 1st Main,Z2-10C-08,2nd Mn Corner,Sodium,,ok,ok
Z2 10th Cross from 1st Main,Z2-10C-09,bet 3rd & 4th Mn 1,LED,,ok,ok
Z2 10th Cross from 1st Main,Z2-10C-10,bet 3rd & 4th Mn 2,LED,,ok,ok
Z2 10th Cross from 1st Main,Z2-10C-11,bet 4th & 5th Mn 1,LED,,ok,ok
Z2 10th Cross from 1st Main,Z2-10C-12,bet 4th & 5th Mn 2,LED,,ok,ok
Z2 10th Cross from 1st Main,,NEW SL REQD,6th MnCorner,Pole Absent,,
Z2 10th Cross from 1st Main,Z2-10C-13,bet 5th & 7th Mn 1,LED,,ok,ok
Z2 10th Cross from 1st Main,Z2-10C-14,bet 5th & 7th Mn 2,LED,,ok,ok
Z2 10th Cross from 1st Main,Z2-10C-15,opp Mosque,LED,,ok,ok
